{"assets/fonts/en/InterBlack.ttf":["assets/fonts/en/InterBlack.ttf"],"assets/fonts/en/InterBold.ttf":["assets/fonts/en/InterBold.ttf"],"assets/fonts/en/InterExtraBold.ttf":["assets/fonts/en/InterExtraBold.ttf"],"assets/fonts/en/InterExtraLight.ttf":["assets/fonts/en/InterExtraLight.ttf"],"assets/fonts/en/InterLight.ttf":["assets/fonts/en/InterLight.ttf"],"assets/fonts/en/InterMedium.ttf":["assets/fonts/en/InterMedium.ttf"],"assets/fonts/en/InterRegular.ttf":["assets/fonts/en/InterRegular.ttf"],"assets/fonts/en/InterSemiBold.ttf":["assets/fonts/en/InterSemiBold.ttf"],"assets/fonts/en/InterThin.ttf":["assets/fonts/en/InterThin.ttf"],"assets/fonts/poppins/Poppins-Bold.ttf":["assets/fonts/poppins/Poppins-Bold.ttf"],"assets/fonts/poppins/Poppins-Medium.ttf":["assets/fonts/poppins/Poppins-Medium.ttf"],"assets/fonts/poppins/Poppins-Regular.ttf":["assets/fonts/poppins/Poppins-Regular.ttf"],"assets/fonts/poppins/Poppins-SemiBold.ttf":["assets/fonts/poppins/Poppins-SemiBold.ttf"],"assets/fonts/tajwal/Tajawal-Regular.ttf":["assets/fonts/tajwal/Tajawal-Regular.ttf"],"assets/icons/.DS_Store":["assets/icons/.DS_Store"],"assets/icons/delete_icon.svg":["assets/icons/delete_icon.svg"],"assets/icons/hayyak-lounge-icon.png":["assets/icons/hayyak-lounge-icon.png"],"assets/icons/list_icon.svg":["assets/icons/list_icon.svg"],"assets/icons/scan_icon.svg":["assets/icons/scan_icon.svg"],"assets/icons/seat_icon.svg":["assets/icons/seat_icon.svg"],"assets/icons/solid_airplane_icon_b.svg":["assets/icons/solid_airplane_icon_b.svg"],"assets/icons/solid_airplane_icon_c.svg":["assets/icons/solid_airplane_icon_c.svg"],"assets/icons/solid_language_icon.svg":["assets/icons/solid_language_icon.svg"],"assets/icons/solid_logout_icon.svg":["assets/icons/solid_logout_icon.svg"],"assets/icons/solid_people_icon.svg":["assets/icons/solid_people_icon.svg"],"assets/images/.DS_Store":["assets/images/.DS_Store"],"assets/images/akcc-logo.svg":["assets/images/akcc-logo.svg"],"assets/images/alrajhi.png":["assets/images/alrajhi.png"],"assets/images/app_logo.png":["assets/images/app_logo.png"],"assets/images/burgundy_tier.png":["assets/images/burgundy_tier.png"],"assets/images/cash_payment.png":["assets/images/cash_payment.png"],"assets/images/dragon_pass.png":["assets/images/dragon_pass.png"],"assets/images/error-icon.svg":["assets/images/error-icon.svg"],"assets/images/gold_tier.png":["assets/images/gold_tier.png"],"assets/images/login_image.png":["assets/images/login_image.png"],"assets/images/logo.png":["assets/images/logo.png"],"assets/images/logo_back.png":["assets/images/logo_back.png"],"assets/images/lounge_key.png":["assets/images/lounge_key.png"],"assets/images/lounge_membership.png":["assets/images/lounge_membership.png"],"assets/images/nahdi_image.png":["assets/images/nahdi_image.png"],"assets/images/partner_access.png":["assets/images/partner_access.png"],"assets/images/platinum_tier.png":["assets/images/platinum_tier.png"],"assets/images/proierity_pass.png":["assets/images/proierity_pass.png"],"assets/images/qatar-airways-logo.png":["assets/images/qatar-airways-logo.png"],"assets/images/qatar_logo.png":["assets/images/qatar_logo.png"],"assets/images/riyal-symbol-icon.png":["assets/images/riyal-symbol-icon.png"],"assets/images/riyal-symbol.svg":["assets/images/riyal-symbol.svg"],"assets/images/royal_ceremonies.png":["assets/images/royal_ceremonies.png"],"assets/images/saudi_investment.png":["assets/images/saudi_investment.png"],"assets/images/sliver_tier.png":["assets/images/sliver_tier.png"],"assets/images/successfully_done.gif":["assets/images/successfully_done.gif"],"assets/images/voucher.png":["assets/images/voucher.png"],"assets/sound/scanner_beep.mp3":["assets/sound/scanner_beep.mp3"],"assets/svg/Highest.svg":["assets/svg/Highest.svg"],"assets/svg/access-denied.svg":["assets/svg/access-denied.svg"],"assets/svg/access-expired-icon.svg":["assets/svg/access-expired-icon.svg"],"assets/svg/access-valid-icon.svg":["assets/svg/access-valid-icon.svg"],"assets/svg/add_image.svg":["assets/svg/add_image.svg"],"assets/svg/bin-icon.svg":["assets/svg/bin-icon.svg"],"assets/svg/boarding-pass-scan-icon.svg":["assets/svg/boarding-pass-scan-icon.svg"],"assets/svg/boarding-scan-area.svg":["assets/svg/boarding-scan-area.svg"],"assets/svg/camera.svg":["assets/svg/camera.svg"],"assets/svg/cash-icon.svg":["assets/svg/cash-icon.svg"],"assets/svg/change-language-icon.svg":["assets/svg/change-language-icon.svg"],"assets/svg/change-language.svg":["assets/svg/change-language.svg"],"assets/svg/change-lounge-icon.svg":["assets/svg/change-lounge-icon.svg"],"assets/svg/check_mark.svg":["assets/svg/check_mark.svg"],"assets/svg/close-session-icon.svg":["assets/svg/close-session-icon.svg"],"assets/svg/document-icon.svg":["assets/svg/document-icon.svg"],"assets/svg/eligibility/eligible.svg":["assets/svg/eligibility/eligible.svg"],"assets/svg/eligibility/expired.svg":["assets/svg/eligibility/expired.svg"],"assets/svg/eligibility/not_eligible.svg":["assets/svg/eligibility/not_eligible.svg"],"assets/svg/eligibility/valid.svg":["assets/svg/eligibility/valid.svg"],"assets/svg/eligible-to-choose-icon.svg":["assets/svg/eligible-to-choose-icon.svg"],"assets/svg/external_link.svg":["assets/svg/external_link.svg"],"assets/svg/filter.svg":["assets/svg/filter.svg"],"assets/svg/hayyak-lounge-icon.svg":["assets/svg/hayyak-lounge-icon.svg"],"assets/svg/logout.svg":["assets/svg/logout.svg"],"assets/svg/logout2.svg":["assets/svg/logout2.svg"],"assets/svg/lounge-membership-icon.svg":["assets/svg/lounge-membership-icon.svg"],"assets/svg/manual_boarding.svg":["assets/svg/manual_boarding.svg"],"assets/svg/mute-icon.svg":["assets/svg/mute-icon.svg"],"assets/svg/note.svg":["assets/svg/note.svg"],"assets/svg/otp-icon.svg":["assets/svg/otp-icon.svg"],"assets/svg/partner-access-icon.svg":["assets/svg/partner-access-icon.svg"],"assets/svg/password.svg":["assets/svg/password.svg"],"assets/svg/qatar-airways-logo.svg":["assets/svg/qatar-airways-logo.svg"],"assets/svg/refresh.svg":["assets/svg/refresh.svg"],"assets/svg/riyal-symbol-icon.svg":["assets/svg/riyal-symbol-icon.svg"],"assets/svg/scan-boarding-icon.svg":["assets/svg/scan-boarding-icon.svg"],"assets/svg/scan-icon.svg":["assets/svg/scan-icon.svg"],"assets/svg/settings.svg":["assets/svg/settings.svg"],"assets/svg/shift-report-icon.svg":["assets/svg/shift-report-icon.svg"],"assets/svg/shower-amenities-icon.svg":["assets/svg/shower-amenities-icon.svg"],"assets/svg/sleep-cabin-icon.svg":["assets/svg/sleep-cabin-icon.svg"],"assets/svg/sound-icon.svg":["assets/svg/sound-icon.svg"],"assets/svg/status_icon.svg":["assets/svg/status_icon.svg"],"assets/svg/ticket-icon.svg":["assets/svg/ticket-icon.svg"],"assets/svg/twofactor.svg":["assets/svg/twofactor.svg"],"assets/svg/vip-family-icon.svg":["assets/svg/vip-family-icon.svg"],"assets/svg/vip-room-icon.svg":["assets/svg/vip-room-icon.svg"],"assets/svg/voucher-coupon-icon.svg":["assets/svg/voucher-coupon-icon.svg"],"packages/font_awesome_flutter/lib/fonts/fa-brands-400.ttf":["packages/font_awesome_flutter/lib/fonts/fa-brands-400.ttf"],"packages/font_awesome_flutter/lib/fonts/fa-regular-400.ttf":["packages/font_awesome_flutter/lib/fonts/fa-regular-400.ttf"],"packages/font_awesome_flutter/lib/fonts/fa-solid-900.ttf":["packages/font_awesome_flutter/lib/fonts/fa-solid-900.ttf"],"packages/iconsax_flutter/fonts/FlutterIconsax.ttf":["packages/iconsax_flutter/fonts/FlutterIconsax.ttf"]}