[{"family":"MaterialIcons","fonts":[{"asset":"fonts/MaterialIcons-Regular.otf"}]},{"family":"Inter","fonts":[{"asset":"assets/fonts/en/InterBlack.ttf"},{"asset":"assets/fonts/en/InterBold.ttf"},{"asset":"assets/fonts/en/InterExtraBold.ttf"},{"asset":"assets/fonts/en/InterExtraLight.ttf"},{"asset":"assets/fonts/en/InterLight.ttf"},{"asset":"assets/fonts/en/InterMedium.ttf"},{"asset":"assets/fonts/en/InterRegular.ttf"},{"asset":"assets/fonts/en/InterSemiBold.ttf"},{"asset":"assets/fonts/en/InterThin.ttf"}]},{"family":"Poppins","fonts":[{"weight":700,"asset":"assets/fonts/poppins/Poppins-Bold.ttf"},{"weight":600,"asset":"assets/fonts/poppins/Poppins-SemiBold.ttf"},{"weight":500,"asset":"assets/fonts/poppins/Poppins-Medium.ttf"},{"weight":400,"asset":"assets/fonts/poppins/Poppins-Regular.ttf"}]},{"family":"Tajawal","fonts":[{"weight":400,"asset":"assets/fonts/tajwal/Tajawal-Regular.ttf"}]},{"family":"packages/iconsax_flutter/FlutterIconsax","fonts":[{"asset":"packages/iconsax_flutter/fonts/FlutterIconsax.ttf"}]},{"family":"packages/font_awesome_flutter/FontAwesomeBrands","fonts":[{"weight":400,"asset":"packages/font_awesome_flutter/lib/fonts/fa-brands-400.ttf"}]},{"family":"packages/font_awesome_flutter/FontAwesomeRegular","fonts":[{"weight":400,"asset":"packages/font_awesome_flutter/lib/fonts/fa-regular-400.ttf"}]},{"family":"packages/font_awesome_flutter/FontAwesomeSolid","fonts":[{"weight":900,"asset":"packages/font_awesome_flutter/lib/fonts/fa-solid-900.ttf"}]}]